filename,exercise_id,pose,job_id,raw_url
h_squat.webp,h_squat,A,27986908-3336-4e9c-b32e-500c49472e58,https://d8j0ntlcm91z4.cloudfront.net/user_3EYFzeIMBFYcZn6fKkhmqrweQkZ/hf_20260711_161053_27986908-3336-4e9c-b32e-500c49472e58.png
h_squat_b.webp,h_squat,B,06d385b8-096a-44eb-97ec-dc6f05b90ff9,https://d8j0ntlcm91z4.cloudfront.net/user_3EYFzeIMBFYcZn6fKkhmqrweQkZ/hf_20260711_161056_06d385b8-096a-44eb-97ec-dc6f05b90ff9.png
h_sumo.webp,h_sumo,A,a84c1d3d-a619-4888-855b-6f1602b0ade3,https://d8j0ntlcm91z4.cloudfront.net/user_3EYFzeIMBFYcZn6fKkhmqrweQkZ/hf_20260711_161400_a84c1d3d-a619-4888-855b-6f1602b0ade3.png
h_sumo_b.webp,h_sumo,B,187cca6b-5454-4978-a7d6-2bae4709373d,https://d8j0ntlcm91z4.cloudfront.net/user_3EYFzeIMBFYcZn6fKkhmqrweQkZ/hf_20260711_161402_187cca6b-5454-4978-a7d6-2bae4709373d.png
h_lunge.webp,h_lunge,A,75ace114-b481-4506-ac56-35c16b51a5ed,https://d8j0ntlcm91z4.cloudfront.net/user_3EYFzeIMBFYcZn6fKkhmqrweQkZ/hf_20260711_161407_75ace114-b481-4506-ac56-35c16b51a5ed.png
h_lunge_b.webp,h_lunge,B,51bf64ae-6c0f-4172-9750-1d874b64e804,https://d8j0ntlcm91z4.cloudfront.net/user_3EYFzeIMBFYcZn6fKkhmqrweQkZ/hf_20260711_161409_51bf64ae-6c0f-4172-9750-1d874b64e804.png
h_bulgarian.webp,h_bulgarian,A,2231decd-91ac-40d8-82ce-09b7940a3487,https://d8j0ntlcm91z4.cloudfront.net/user_3EYFzeIMBFYcZn6fKkhmqrweQkZ/hf_20260711_161410_2231decd-91ac-40d8-82ce-09b7940a3487.png
h_bulgarian_b.webp,h_bulgarian,B,5f98bb90-1709-4b74-acff-45f742b7d81b,https://d8j0ntlcm91z4.cloudfront.net/user_3EYFzeIMBFYcZn6fKkhmqrweQkZ/hf_20260711_161412_5f98bb90-1709-4b74-acff-45f742b7d81b.png
h_glute_bridge.webp,h_glute_bridge,A,2a028c0c-fa39-42b7-962d-f44550d8202f,https://d8j0ntlcm91z4.cloudfront.net/user_3EYFzeIMBFYcZn6fKkhmqrweQkZ/hf_20260711_161415_2a028c0c-fa39-42b7-962d-f44550d8202f.png
h_glute_bridge_b.webp,h_glute_bridge,B,76821f78-eb82-4476-b1bd-002e208e7ff0,https://d8j0ntlcm91z4.cloudfront.net/user_3EYFzeIMBFYcZn6fKkhmqrweQkZ/hf_20260711_161417_76821f78-eb82-4476-b1bd-002e208e7ff0.png
h_step_up.webp,h_step_up,A,a92c2519-99b3-496e-9144-617c39c0de7b,https://d8j0ntlcm91z4.cloudfront.net/user_3EYFzeIMBFYcZn6fKkhmqrweQkZ/hf_20260711_161419_a92c2519-99b3-496e-9144-617c39c0de7b.png
h_step_up_b.webp,h_step_up,B,481c6f0f-869a-400e-8400-964ce67b4319,https://d8j0ntlcm91z4.cloudfront.net/user_3EYFzeIMBFYcZn6fKkhmqrweQkZ/hf_20260711_161421_481c6f0f-869a-400e-8400-964ce67b4319.png
h_wall_sit.webp,h_wall_sit,A,354cbefa-1a6b-4ffd-b57a-794ea7055b2c,https://d8j0ntlcm91z4.cloudfront.net/user_3EYFzeIMBFYcZn6fKkhmqrweQkZ/hf_20260711_161424_354cbefa-1a6b-4ffd-b57a-794ea7055b2c.png
h_wall_sit_b.webp,h_wall_sit,B,369cdc39-9ba4-439d-a185-e2f204594506,https://d8j0ntlcm91z4.cloudfront.net/user_3EYFzeIMBFYcZn6fKkhmqrweQkZ/hf_20260711_161426_369cdc39-9ba4-439d-a185-e2f204594506.png
h_calf.webp,h_calf,A,43b3e3c1-4e03-49f1-8471-8498f7e1f089,https://d8j0ntlcm91z4.cloudfront.net/user_3EYFzeIMBFYcZn6fKkhmqrweQkZ/hf_20260711_161459_43b3e3c1-4e03-49f1-8471-8498f7e1f089.png
h_calf_b.webp,h_calf,B,1d741469-e7b7-4e2f-a5dc-2dd43e48618d,https://d8j0ntlcm91z4.cloudfront.net/user_3EYFzeIMBFYcZn6fKkhmqrweQkZ/hf_20260711_161502_1d741469-e7b7-4e2f-a5dc-2dd43e48618d.png
h_pushup.webp,h_pushup,A,d8e68b4f-0788-4fab-84c0-ffde61d94a96,https://d8j0ntlcm91z4.cloudfront.net/user_3EYFzeIMBFYcZn6fKkhmqrweQkZ/hf_20260711_161505_d8e68b4f-0788-4fab-84c0-ffde61d94a96.png
h_pushup_b.webp,h_pushup,B,e8af2e30-8007-4183-a884-97d600670dc2,https://d8j0ntlcm91z4.cloudfront.net/user_3EYFzeIMBFYcZn6fKkhmqrweQkZ/hf_20260711_161507_e8af2e30-8007-4183-a884-97d600670dc2.png
h_pushup_knee.webp,h_pushup_knee,A,4ccb243c-9e90-4364-a8a8-ec6612d2e609,https://d8j0ntlcm91z4.cloudfront.net/user_3EYFzeIMBFYcZn6fKkhmqrweQkZ/hf_20260711_161510_4ccb243c-9e90-4364-a8a8-ec6612d2e609.png
h_pushup_knee_b.webp,h_pushup_knee,B,06888b4a-0f7e-4aec-a9c3-e0b681be3957,https://d8j0ntlcm91z4.cloudfront.net/user_3EYFzeIMBFYcZn6fKkhmqrweQkZ/hf_20260711_161513_06888b4a-0f7e-4aec-a9c3-e0b681be3957.png
h_diamond.webp,h_diamond,A,979660e2-b87f-4f5e-acef-cc370485d203,https://d8j0ntlcm91z4.cloudfront.net/user_3EYFzeIMBFYcZn6fKkhmqrweQkZ/hf_20260711_161515_979660e2-b87f-4f5e-acef-cc370485d203.png
h_diamond_b.webp,h_diamond,B,1c8b6354-9c32-439f-8229-57dcf4673bfc,https://d8j0ntlcm91z4.cloudfront.net/user_3EYFzeIMBFYcZn6fKkhmqrweQkZ/hf_20260711_161518_1c8b6354-9c32-439f-8229-57dcf4673bfc.png
h_dips_chair.webp,h_dips_chair,A,f745ddc8-277e-49d0-8fd9-5463ad79f169,https://d8j0ntlcm91z4.cloudfront.net/user_3EYFzeIMBFYcZn6fKkhmqrweQkZ/hf_20260711_161523_f745ddc8-277e-49d0-8fd9-5463ad79f169.png
h_dips_chair_b.webp,h_dips_chair,B,bf2a0dea-f644-4c49-88af-76a6ca5f1ce2,https://d8j0ntlcm91z4.cloudfront.net/user_3EYFzeIMBFYcZn6fKkhmqrweQkZ/hf_20260711_161525_bf2a0dea-f644-4c49-88af-76a6ca5f1ce2.png
h_pike_pushup.webp,h_pike_pushup,A,66c0ac7e-b675-4231-a52e-77f01c20977d,https://d8j0ntlcm91z4.cloudfront.net/user_3EYFzeIMBFYcZn6fKkhmqrweQkZ/hf_20260711_161527_66c0ac7e-b675-4231-a52e-77f01c20977d.png
h_pike_pushup_b.webp,h_pike_pushup,B,b99951f8-50e9-4afe-8b56-1df630d88dfb,https://d8j0ntlcm91z4.cloudfront.net/user_3EYFzeIMBFYcZn6fKkhmqrweQkZ/hf_20260711_161529_b99951f8-50e9-4afe-8b56-1df630d88dfb.png
h_band_press.webp,h_band_press,A,7c321285-36c8-4cde-85a7-aa16b1587c68,https://d8j0ntlcm91z4.cloudfront.net/user_3EYFzeIMBFYcZn6fKkhmqrweQkZ/hf_20260711_161557_7c321285-36c8-4cde-85a7-aa16b1587c68.png
h_band_press_b.webp,h_band_press,B,d22a1998-8f47-4acd-9eeb-0be92ce0fb1e,https://d8j0ntlcm91z4.cloudfront.net/user_3EYFzeIMBFYcZn6fKkhmqrweQkZ/hf_20260711_161600_d22a1998-8f47-4acd-9eeb-0be92ce0fb1e.png
h_lateral_bottle.webp,h_lateral_bottle,A,b0e596af-1aea-4589-a70b-33d46bde2c6e,https://d8j0ntlcm91z4.cloudfront.net/user_3EYFzeIMBFYcZn6fKkhmqrweQkZ/hf_20260711_161603_b0e596af-1aea-4589-a70b-33d46bde2c6e.png
h_lateral_bottle_b.webp,h_lateral_bottle,B,94e2eea7-a1b6-47b1-94c8-5e4ffadc0b0e,https://d8j0ntlcm91z4.cloudfront.net/user_3EYFzeIMBFYcZn6fKkhmqrweQkZ/hf_20260711_161605_94e2eea7-a1b6-47b1-94c8-5e4ffadc0b0e.png
h_backpack_row.webp,h_backpack_row,A,7d0d7be9-315d-4f84-bfb7-d6a271913f85,https://d8j0ntlcm91z4.cloudfront.net/user_3EYFzeIMBFYcZn6fKkhmqrweQkZ/hf_20260711_161608_7d0d7be9-315d-4f84-bfb7-d6a271913f85.png
h_backpack_row_b.webp,h_backpack_row,B,33edf612-6ff0-4bec-b770-f9faf9222738,https://d8j0ntlcm91z4.cloudfront.net/user_3EYFzeIMBFYcZn6fKkhmqrweQkZ/hf_20260711_161611_33edf612-6ff0-4bec-b770-f9faf9222738.png
h_row_band.webp,h_row_band,A,923233ac-9e42-4696-b1f5-37c3698dc008,https://d8j0ntlcm91z4.cloudfront.net/user_3EYFzeIMBFYcZn6fKkhmqrweQkZ/hf_20260711_161613_923233ac-9e42-4696-b1f5-37c3698dc008.png
h_row_band_b.webp,h_row_band,B,30764207-ff50-4a29-bb68-ba6a103b1126,https://d8j0ntlcm91z4.cloudfront.net/user_3EYFzeIMBFYcZn6fKkhmqrweQkZ/hf_20260711_161616_30764207-ff50-4a29-bb68-ba6a103b1126.png
h_band_pull.webp,h_band_pull,A,a3d9c6ef-fb5c-42c0-8fa4-576188d95209,https://d8j0ntlcm91z4.cloudfront.net/user_3EYFzeIMBFYcZn6fKkhmqrweQkZ/hf_20260711_161619_a3d9c6ef-fb5c-42c0-8fa4-576188d95209.png
h_band_pull_b.webp,h_band_pull,B,fde8d1d8-d097-412f-8db0-4dcb72e88ed2,https://d8j0ntlcm91z4.cloudfront.net/user_3EYFzeIMBFYcZn6fKkhmqrweQkZ/hf_20260711_161622_fde8d1d8-d097-412f-8db0-4dcb72e88ed2.png
h_superman.webp,h_superman,A,f967eed1-3fb6-49d5-bf50-a65595d201ce,https://d8j0ntlcm91z4.cloudfront.net/user_3EYFzeIMBFYcZn6fKkhmqrweQkZ/hf_20260711_161624_f967eed1-3fb6-49d5-bf50-a65595d201ce.png
h_superman_b.webp,h_superman,B,454cad64-0385-41a9-b67f-bf695d8714d8,https://d8j0ntlcm91z4.cloudfront.net/user_3EYFzeIMBFYcZn6fKkhmqrweQkZ/hf_20260711_161627_454cad64-0385-41a9-b67f-bf695d8714d8.png
h_plank.webp,h_plank,A,d1f19179-6798-4278-943d-539d635fd27a,https://d8j0ntlcm91z4.cloudfront.net/user_3EYFzeIMBFYcZn6fKkhmqrweQkZ/hf_20260711_161655_d1f19179-6798-4278-943d-539d635fd27a.png
h_plank_b.webp,h_plank,B,908606c0-8f47-4980-89b9-7d2dcd78f9de,https://d8j0ntlcm91z4.cloudfront.net/user_3EYFzeIMBFYcZn6fKkhmqrweQkZ/hf_20260711_161658_908606c0-8f47-4980-89b9-7d2dcd78f9de.png
h_side_plank.webp,h_side_plank,A,137c8cc2-f8c0-476b-a7fd-fbc9982cd4f5,https://d8j0ntlcm91z4.cloudfront.net/user_3EYFzeIMBFYcZn6fKkhmqrweQkZ/hf_20260711_161701_137c8cc2-f8c0-476b-a7fd-fbc9982cd4f5.png
h_side_plank_b.webp,h_side_plank,B,24bdde48-5e04-4817-a0ba-4a35b2af1ed2,https://d8j0ntlcm91z4.cloudfront.net/user_3EYFzeIMBFYcZn6fKkhmqrweQkZ/hf_20260711_161704_24bdde48-5e04-4817-a0ba-4a35b2af1ed2.png
h_crunch.webp,h_crunch,A,4c8f7a1c-1078-4341-87cc-16bf817f26df,https://d8j0ntlcm91z4.cloudfront.net/user_3EYFzeIMBFYcZn6fKkhmqrweQkZ/hf_20260711_161707_4c8f7a1c-1078-4341-87cc-16bf817f26df.png
h_crunch_b.webp,h_crunch,B,e32048e5-5fcd-4fae-873b-c3200e6b91a0,https://d8j0ntlcm91z4.cloudfront.net/user_3EYFzeIMBFYcZn6fKkhmqrweQkZ/hf_20260711_161709_e32048e5-5fcd-4fae-873b-c3200e6b91a0.png
h_leg_raise.webp,h_leg_raise,A,94704762-182c-4a53-bad2-c015b7aa36f1,https://d8j0ntlcm91z4.cloudfront.net/user_3EYFzeIMBFYcZn6fKkhmqrweQkZ/hf_20260711_161713_94704762-182c-4a53-bad2-c015b7aa36f1.png
h_leg_raise_b.webp,h_leg_raise,B,bdfe3cdf-20dc-411e-b526-8eb3744136e4,https://d8j0ntlcm91z4.cloudfront.net/user_3EYFzeIMBFYcZn6fKkhmqrweQkZ/hf_20260711_161715_bdfe3cdf-20dc-411e-b526-8eb3744136e4.png
h_deadbug.webp,h_deadbug,A,b9e6d25e-9c95-4e46-8895-ac9200db2b26,https://d8j0ntlcm91z4.cloudfront.net/user_3EYFzeIMBFYcZn6fKkhmqrweQkZ/hf_20260711_161718_b9e6d25e-9c95-4e46-8895-ac9200db2b26.png
h_deadbug_b.webp,h_deadbug,B,002fd37a-ec89-4ffe-9dff-b0d399c7e0d5,https://d8j0ntlcm91z4.cloudfront.net/user_3EYFzeIMBFYcZn6fKkhmqrweQkZ/hf_20260711_161721_002fd37a-ec89-4ffe-9dff-b0d399c7e0d5.png
h_bird_dog.webp,h_bird_dog,A,990a2579-898f-4ff9-9d03-9c9cf60a6ac5,https://d8j0ntlcm91z4.cloudfront.net/user_3EYFzeIMBFYcZn6fKkhmqrweQkZ/hf_20260711_161723_990a2579-898f-4ff9-9d03-9c9cf60a6ac5.png
h_bird_dog_b.webp,h_bird_dog,B,d5fbe3b7-6aa0-4377-98a3-3443dc78d779,https://d8j0ntlcm91z4.cloudfront.net/user_3EYFzeIMBFYcZn6fKkhmqrweQkZ/hf_20260711_161725_d5fbe3b7-6aa0-4377-98a3-3443dc78d779.png
h_mountain.webp,h_mountain,A,ce50d333-ff29-499d-9309-1824b04e664e,https://d8j0ntlcm91z4.cloudfront.net/user_3EYFzeIMBFYcZn6fKkhmqrweQkZ/hf_20260711_161756_ce50d333-ff29-499d-9309-1824b04e664e.png
h_mountain_b.webp,h_mountain,B,e5fc3106-9821-4485-abf6-d1c7a34c514d,https://d8j0ntlcm91z4.cloudfront.net/user_3EYFzeIMBFYcZn6fKkhmqrweQkZ/hf_20260711_161759_e5fc3106-9821-4485-abf6-d1c7a34c514d.png
h_jumping_jacks.webp,h_jumping_jacks,A,9588db16-1a30-4230-a899-1c8bbb772612,https://d8j0ntlcm91z4.cloudfront.net/user_3EYFzeIMBFYcZn6fKkhmqrweQkZ/hf_20260711_161802_9588db16-1a30-4230-a899-1c8bbb772612.png
h_jumping_jacks_b.webp,h_jumping_jacks,B,a2b59148-0bc1-4c4e-8543-2607e1151380,https://d8j0ntlcm91z4.cloudfront.net/user_3EYFzeIMBFYcZn6fKkhmqrweQkZ/hf_20260711_161804_a2b59148-0bc1-4c4e-8543-2607e1151380.png
h_burpee.webp,h_burpee,A,d08c2f45-8c6f-4266-bf3d-82f8bc8c9c21,https://d8j0ntlcm91z4.cloudfront.net/user_3EYFzeIMBFYcZn6fKkhmqrweQkZ/hf_20260711_161808_d08c2f45-8c6f-4266-bf3d-82f8bc8c9c21.png
h_burpee_b.webp,h_burpee,B,a518af8d-aa74-4295-a7b3-d13b68b3fd49,https://d8j0ntlcm91z4.cloudfront.net/user_3EYFzeIMBFYcZn6fKkhmqrweQkZ/hf_20260711_161811_a518af8d-aa74-4295-a7b3-d13b68b3fd49.png
h_march.webp,h_march,A,6ecc9505-bf96-47d9-8454-fb8e0c78c23e,https://d8j0ntlcm91z4.cloudfront.net/user_3EYFzeIMBFYcZn6fKkhmqrweQkZ/hf_20260711_161813_6ecc9505-bf96-47d9-8454-fb8e0c78c23e.png
h_march_b.webp,h_march,B,7149579d-5e4c-40ac-b94f-1abc8379cacf,https://d8j0ntlcm91z4.cloudfront.net/user_3EYFzeIMBFYcZn6fKkhmqrweQkZ/hf_20260711_161816_7149579d-5e4c-40ac-b94f-1abc8379cacf.png
h_step_touch.webp,h_step_touch,A,aed62a4a-cf8e-44a3-9066-d43ae0561c86,https://d8j0ntlcm91z4.cloudfront.net/user_3EYFzeIMBFYcZn6fKkhmqrweQkZ/hf_20260711_161818_aed62a4a-cf8e-44a3-9066-d43ae0561c86.png
h_step_touch_b.webp,h_step_touch,B,754b578f-434c-4a69-928f-ef31adef75b1,https://d8j0ntlcm91z4.cloudfront.net/user_3EYFzeIMBFYcZn6fKkhmqrweQkZ/hf_20260711_161821_754b578f-434c-4a69-928f-ef31adef75b1.png
g_squat.webp,g_squat,A,2242b3e8-a19d-489a-9c91-f3eede6d1eb3,https://d8j0ntlcm91z4.cloudfront.net/user_3EYFzeIMBFYcZn6fKkhmqrweQkZ/hf_20260711_161824_2242b3e8-a19d-489a-9c91-f3eede6d1eb3.png
g_squat_b.webp,g_squat,B,45c71ca5-0d1a-448d-bc23-9b6ac38235f2,https://d8j0ntlcm91z4.cloudfront.net/user_3EYFzeIMBFYcZn6fKkhmqrweQkZ/hf_20260711_161827_45c71ca5-0d1a-448d-bc23-9b6ac38235f2.png
g_leg_press.webp,g_leg_press,A,ade94354-ff78-49c0-9947-108cd430dd02,https://d8j0ntlcm91z4.cloudfront.net/user_3EYFzeIMBFYcZn6fKkhmqrweQkZ/hf_20260711_161855_ade94354-ff78-49c0-9947-108cd430dd02.png
g_leg_press_b.webp,g_leg_press,B,3f386639-74d7-465a-86a9-8c35e74345db,https://d8j0ntlcm91z4.cloudfront.net/user_3EYFzeIMBFYcZn6fKkhmqrweQkZ/hf_20260711_161857_3f386639-74d7-465a-86a9-8c35e74345db.png
g_rdl.webp,g_rdl,A,27bb564d-72a4-40fa-b10d-3371beef3e89,https://d8j0ntlcm91z4.cloudfront.net/user_3EYFzeIMBFYcZn6fKkhmqrweQkZ/hf_20260711_161900_27bb564d-72a4-40fa-b10d-3371beef3e89.png
g_rdl_b.webp,g_rdl,B,7a64f278-1701-484b-9b39-b2953fc20c66,https://d8j0ntlcm91z4.cloudfront.net/user_3EYFzeIMBFYcZn6fKkhmqrweQkZ/hf_20260711_161903_7a64f278-1701-484b-9b39-b2953fc20c66.png
g_hip_thrust.webp,g_hip_thrust,A,309285bc-845d-46b7-ab6c-f4fab3b9ec6f,https://d8j0ntlcm91z4.cloudfront.net/user_3EYFzeIMBFYcZn6fKkhmqrweQkZ/hf_20260711_161905_309285bc-845d-46b7-ab6c-f4fab3b9ec6f.png
g_hip_thrust_b.webp,g_hip_thrust,B,0a28aa02-4b4b-4817-aa67-956f4c18c5d4,https://d8j0ntlcm91z4.cloudfront.net/user_3EYFzeIMBFYcZn6fKkhmqrweQkZ/hf_20260711_161911_0a28aa02-4b4b-4817-aa67-956f4c18c5d4.png
g_leg_curl.webp,g_leg_curl,A,0afe112e-a4a3-4b94-be1f-1c76907a4662,https://d8j0ntlcm91z4.cloudfront.net/user_3EYFzeIMBFYcZn6fKkhmqrweQkZ/hf_20260711_161913_0afe112e-a4a3-4b94-be1f-1c76907a4662.png
g_leg_curl_b.webp,g_leg_curl,B,570b80ac-1911-4a01-8d4b-29c72e1e192e,https://d8j0ntlcm91z4.cloudfront.net/user_3EYFzeIMBFYcZn6fKkhmqrweQkZ/hf_20260711_161915_570b80ac-1911-4a01-8d4b-29c72e1e192e.png
g_leg_ext.webp,g_leg_ext,A,934d0713-5d80-4b6b-84b8-36d79dfad973,https://d8j0ntlcm91z4.cloudfront.net/user_3EYFzeIMBFYcZn6fKkhmqrweQkZ/hf_20260711_161917_934d0713-5d80-4b6b-84b8-36d79dfad973.png
g_leg_ext_b.webp,g_leg_ext,B,5bab9c7d-097f-4d0b-88f1-454781e44e3b,https://d8j0ntlcm91z4.cloudfront.net/user_3EYFzeIMBFYcZn6fKkhmqrweQkZ/hf_20260711_161920_5bab9c7d-097f-4d0b-88f1-454781e44e3b.png
g_abduction.webp,g_abduction,A,355bd97b-85db-469e-a467-491c317cb6c6,https://d8j0ntlcm91z4.cloudfront.net/user_3EYFzeIMBFYcZn6fKkhmqrweQkZ/hf_20260711_161922_355bd97b-85db-469e-a467-491c317cb6c6.png
g_abduction_b.webp,g_abduction,B,9f947f9a-82bc-433b-bfa4-9267ebacb0f4,https://d8j0ntlcm91z4.cloudfront.net/user_3EYFzeIMBFYcZn6fKkhmqrweQkZ/hf_20260711_161925_9f947f9a-82bc-433b-bfa4-9267ebacb0f4.png
g_calf_press.webp,g_calf_press,A,7f6740a9-7dc6-4c7f-8b47-3c4c2e2f5715,https://d8j0ntlcm91z4.cloudfront.net/user_3EYFzeIMBFYcZn6fKkhmqrweQkZ/hf_20260711_161951_7f6740a9-7dc6-4c7f-8b47-3c4c2e2f5715.png
g_calf_press_b.webp,g_calf_press,B,f6601d9b-0db6-480f-b1e6-1dead2a6f670,https://d8j0ntlcm91z4.cloudfront.net/user_3EYFzeIMBFYcZn6fKkhmqrweQkZ/hf_20260711_161955_f6601d9b-0db6-480f-b1e6-1dead2a6f670.png
g_bench.webp,g_bench,A,79e09dde-a0b5-4746-9e68-c3e461a595fb,https://d8j0ntlcm91z4.cloudfront.net/user_3EYFzeIMBFYcZn6fKkhmqrweQkZ/hf_20260711_161957_79e09dde-a0b5-4746-9e68-c3e461a595fb.png
g_bench_b.webp,g_bench,B,f480a0d0-e237-40ec-9ec4-63ecfc5f5172,https://d8j0ntlcm91z4.cloudfront.net/user_3EYFzeIMBFYcZn6fKkhmqrweQkZ/hf_20260711_162001_f480a0d0-e237-40ec-9ec4-63ecfc5f5172.png
g_db_press.webp,g_db_press,A,ecb822db-57c9-49e4-b6b0-4ca37cb5dc1b,https://d8j0ntlcm91z4.cloudfront.net/user_3EYFzeIMBFYcZn6fKkhmqrweQkZ/hf_20260711_162003_ecb822db-57c9-49e4-b6b0-4ca37cb5dc1b.png
g_db_press_b.webp,g_db_press,B,aaff2333-5f4c-41f3-8ca8-c8268190afa4,https://d8j0ntlcm91z4.cloudfront.net/user_3EYFzeIMBFYcZn6fKkhmqrweQkZ/hf_20260711_162005_aaff2333-5f4c-41f3-8ca8-c8268190afa4.png
g_incline_db.webp,g_incline_db,A,5c532944-f163-40a6-8855-5ad7aff88548,https://d8j0ntlcm91z4.cloudfront.net/user_3EYFzeIMBFYcZn6fKkhmqrweQkZ/hf_20260711_162009_5c532944-f163-40a6-8855-5ad7aff88548.png
g_incline_db_b.webp,g_incline_db,B,b4823306-4955-4dc2-9912-cca77a6710ef,https://d8j0ntlcm91z4.cloudfront.net/user_3EYFzeIMBFYcZn6fKkhmqrweQkZ/hf_20260711_162012_b4823306-4955-4dc2-9912-cca77a6710ef.png
g_cable_fly.webp,g_cable_fly,A,15f3198e-6e14-4387-b051-bb5c0bfa9464,https://d8j0ntlcm91z4.cloudfront.net/user_3EYFzeIMBFYcZn6fKkhmqrweQkZ/hf_20260711_162014_15f3198e-6e14-4387-b051-bb5c0bfa9464.png
g_cable_fly_b.webp,g_cable_fly,B,0c50dacd-0498-47c0-89b2-42054db99af3,https://d8j0ntlcm91z4.cloudfront.net/user_3EYFzeIMBFYcZn6fKkhmqrweQkZ/hf_20260711_162017_0c50dacd-0498-47c0-89b2-42054db99af3.png
g_lat_pulldown.webp,g_lat_pulldown,A,90089155-6baa-4afe-8ccf-68d2097df2a2,https://d8j0ntlcm91z4.cloudfront.net/user_3EYFzeIMBFYcZn6fKkhmqrweQkZ/hf_20260711_162020_90089155-6baa-4afe-8ccf-68d2097df2a2.png
g_lat_pulldown_b.webp,g_lat_pulldown,B,671be4fa-770f-4bc1-87a1-b699580c6f20,https://d8j0ntlcm91z4.cloudfront.net/user_3EYFzeIMBFYcZn6fKkhmqrweQkZ/hf_20260711_162022_671be4fa-770f-4bc1-87a1-b699580c6f20.png
g_pullup.webp,g_pullup,A,819f21bd-10b3-4fcc-bf38-b8d3871bdc81,https://d8j0ntlcm91z4.cloudfront.net/user_3EYFzeIMBFYcZn6fKkhmqrweQkZ/hf_20260711_162052_819f21bd-10b3-4fcc-bf38-b8d3871bdc81.png
g_pullup_b.webp,g_pullup,B,4c5f7d2b-389c-4677-879f-0c44370f641f,https://d8j0ntlcm91z4.cloudfront.net/user_3EYFzeIMBFYcZn6fKkhmqrweQkZ/hf_20260711_162055_4c5f7d2b-389c-4677-879f-0c44370f641f.png
g_row_cable.webp,g_row_cable,A,f3522c73-f408-41a6-b5bf-4c5751a2796a,https://d8j0ntlcm91z4.cloudfront.net/user_3EYFzeIMBFYcZn6fKkhmqrweQkZ/hf_20260711_162059_f3522c73-f408-41a6-b5bf-4c5751a2796a.png
g_row_cable_b.webp,g_row_cable,B,8bb52c0a-07d2-4c9f-a880-ee5b533efef2,https://d8j0ntlcm91z4.cloudfront.net/user_3EYFzeIMBFYcZn6fKkhmqrweQkZ/hf_20260711_162101_8bb52c0a-07d2-4c9f-a880-ee5b533efef2.png
g_db_row.webp,g_db_row,A,58f95ef8-5926-476f-8a5b-0f17dee8f15a,https://d8j0ntlcm91z4.cloudfront.net/user_3EYFzeIMBFYcZn6fKkhmqrweQkZ/hf_20260711_162104_58f95ef8-5926-476f-8a5b-0f17dee8f15a.png
g_db_row_b.webp,g_db_row,B,f435ed71-e21d-46e4-9e4d-b3f468a957ea,https://d8j0ntlcm91z4.cloudfront.net/user_3EYFzeIMBFYcZn6fKkhmqrweQkZ/hf_20260711_162106_f435ed71-e21d-46e4-9e4d-b3f468a957ea.png
g_hyperext.webp,g_hyperext,A,4baa0ea9-c1f4-429f-820f-a612dbe578c0,https://d8j0ntlcm91z4.cloudfront.net/user_3EYFzeIMBFYcZn6fKkhmqrweQkZ/hf_20260711_162110_4baa0ea9-c1f4-429f-820f-a612dbe578c0.png
g_hyperext_b.webp,g_hyperext,B,ca036095-910a-4fb1-b930-c987bb5b1bc1,https://d8j0ntlcm91z4.cloudfront.net/user_3EYFzeIMBFYcZn6fKkhmqrweQkZ/hf_20260711_162112_ca036095-910a-4fb1-b930-c987bb5b1bc1.png
g_ohp.webp,g_ohp,A,8968c487-6e78-44c3-9fbf-a38550edca36,https://d8j0ntlcm91z4.cloudfront.net/user_3EYFzeIMBFYcZn6fKkhmqrweQkZ/hf_20260711_162116_8968c487-6e78-44c3-9fbf-a38550edca36.png
g_ohp_b.webp,g_ohp,B,4c6ad494-e37f-4b68-b654-1a0580154f93,https://d8j0ntlcm91z4.cloudfront.net/user_3EYFzeIMBFYcZn6fKkhmqrweQkZ/hf_20260711_162118_4c6ad494-e37f-4b68-b654-1a0580154f93.png
g_lateral.webp,g_lateral,A,5d473702-aa26-4650-8046-d05f68c8a1ee,https://d8j0ntlcm91z4.cloudfront.net/user_3EYFzeIMBFYcZn6fKkhmqrweQkZ/hf_20260711_162121_5d473702-aa26-4650-8046-d05f68c8a1ee.png
g_lateral_b.webp,g_lateral,B,667e8f4f-34c3-4f9e-b0cc-0f75a4d9ac22,https://d8j0ntlcm91z4.cloudfront.net/user_3EYFzeIMBFYcZn6fKkhmqrweQkZ/hf_20260711_162125_667e8f4f-34c3-4f9e-b0cc-0f75a4d9ac22.png
g_face_pull.webp,g_face_pull,A,5ded47fc-233a-409c-ad3f-15f653d4ebbf,https://d8j0ntlcm91z4.cloudfront.net/user_3EYFzeIMBFYcZn6fKkhmqrweQkZ/hf_20260711_162155_5ded47fc-233a-409c-ad3f-15f653d4ebbf.png
g_face_pull_b.webp,g_face_pull,B,78d78912-dc65-446e-8422-3468b1feb748,https://d8j0ntlcm91z4.cloudfront.net/user_3EYFzeIMBFYcZn6fKkhmqrweQkZ/hf_20260711_162159_78d78912-dc65-446e-8422-3468b1feb748.png
g_curl.webp,g_curl,A,19428e8b-44ee-4d93-82a0-e00b25c65ec2,https://d8j0ntlcm91z4.cloudfront.net/user_3EYFzeIMBFYcZn6fKkhmqrweQkZ/hf_20260711_162201_19428e8b-44ee-4d93-82a0-e00b25c65ec2.png
g_curl_b.webp,g_curl,B,fb3a6ec9-e19f-47b3-86ec-2bf99c2d4e94,https://d8j0ntlcm91z4.cloudfront.net/user_3EYFzeIMBFYcZn6fKkhmqrweQkZ/hf_20260711_162205_fb3a6ec9-e19f-47b3-86ec-2bf99c2d4e94.png
g_hammer.webp,g_hammer,A,1a59d286-6ac4-44d3-b372-183a7769cec6,https://d8j0ntlcm91z4.cloudfront.net/user_3EYFzeIMBFYcZn6fKkhmqrweQkZ/hf_20260711_162207_1a59d286-6ac4-44d3-b372-183a7769cec6.png
g_hammer_b.webp,g_hammer,B,eeb1f4d4-fc7e-42af-a79c-cd6250d662a3,https://d8j0ntlcm91z4.cloudfront.net/user_3EYFzeIMBFYcZn6fKkhmqrweQkZ/hf_20260711_162209_eeb1f4d4-fc7e-42af-a79c-cd6250d662a3.png
g_triceps_rope.webp,g_triceps_rope,A,7b85e6c7-8fd8-45fe-919e-4f0abdb3d159,https://d8j0ntlcm91z4.cloudfront.net/user_3EYFzeIMBFYcZn6fKkhmqrweQkZ/hf_20260711_162212_7b85e6c7-8fd8-45fe-919e-4f0abdb3d159.png
g_triceps_rope_b.webp,g_triceps_rope,B,6dec3b17-b758-4c44-bd55-9a0fe191bed4,https://d8j0ntlcm91z4.cloudfront.net/user_3EYFzeIMBFYcZn6fKkhmqrweQkZ/hf_20260711_162215_6dec3b17-b758-4c44-bd55-9a0fe191bed4.png
g_cable_crunch.webp,g_cable_crunch,A,237fb18b-2e1c-495d-b30d-24349c2c7507,https://d8j0ntlcm91z4.cloudfront.net/user_3EYFzeIMBFYcZn6fKkhmqrweQkZ/hf_20260711_162218_237fb18b-2e1c-495d-b30d-24349c2c7507.png
g_cable_crunch_b.webp,g_cable_crunch,B,d7202572-faf6-46e6-8d08-17c0b3429b49,https://d8j0ntlcm91z4.cloudfront.net/user_3EYFzeIMBFYcZn6fKkhmqrweQkZ/hf_20260711_162221_d7202572-faf6-46e6-8d08-17c0b3429b49.png
g_hanging_knee.webp,g_hanging_knee,A,e94be3aa-b7b5-4c7e-a81c-4a8b1fdc8708,https://d8j0ntlcm91z4.cloudfront.net/user_3EYFzeIMBFYcZn6fKkhmqrweQkZ/hf_20260711_162223_e94be3aa-b7b5-4c7e-a81c-4a8b1fdc8708.png
g_hanging_knee_b.webp,g_hanging_knee,B,e486cf52-6bd6-4922-bc5c-53ecf0f17bee,https://d8j0ntlcm91z4.cloudfront.net/user_3EYFzeIMBFYcZn6fKkhmqrweQkZ/hf_20260711_162226_e486cf52-6bd6-4922-bc5c-53ecf0f17bee.png
g_plank_w.webp,g_plank_w,A,8602717e-494a-4355-9eac-6592b665a16d,https://d8j0ntlcm91z4.cloudfront.net/user_3EYFzeIMBFYcZn6fKkhmqrweQkZ/hf_20260711_162229_8602717e-494a-4355-9eac-6592b665a16d.png
g_plank_w_b.webp,g_plank_w,B,79074c73-f086-408e-9cce-8b3ea1aefa2a,https://d8j0ntlcm91z4.cloudfront.net/user_3EYFzeIMBFYcZn6fKkhmqrweQkZ/hf_20260711_162232_79074c73-f086-408e-9cce-8b3ea1aefa2a.png
g_treadmill.webp,g_treadmill,A,27ba42ac-4f03-48a1-8686-3dfc8181a684,https://d8j0ntlcm91z4.cloudfront.net/user_3EYFzeIMBFYcZn6fKkhmqrweQkZ/hf_20260711_162235_27ba42ac-4f03-48a1-8686-3dfc8181a684.png
g_treadmill_b.webp,g_treadmill,B,8da54400-a1e1-468b-b086-dc484e9e1d4d,https://d8j0ntlcm91z4.cloudfront.net/user_3EYFzeIMBFYcZn6fKkhmqrweQkZ/hf_20260711_162238_8da54400-a1e1-468b-b086-dc484e9e1d4d.png
g_bike.webp,g_bike,A,dfa26b87-a4f4-490a-836f-16addc8da41e,https://d8j0ntlcm91z4.cloudfront.net/user_3EYFzeIMBFYcZn6fKkhmqrweQkZ/hf_20260711_162240_dfa26b87-a4f4-490a-836f-16addc8da41e.png
g_bike_b.webp,g_bike,B,dd13c995-7216-4469-83aa-ef8737d05bd1,https://d8j0ntlcm91z4.cloudfront.net/user_3EYFzeIMBFYcZn6fKkhmqrweQkZ/hf_20260711_162242_dd13c995-7216-4469-83aa-ef8737d05bd1.png
